{
  "version": "7",
  "dialect": "mysql",
  "entries": [
    {
      "idx": 0,
      "version": "5",
      "when": 1764025138517,
      "tag": "0000_lovely_vapor",
      "breakpoints": true
    },
    {
      "idx": 1,
      "version": "5",
      "when": 1764025196078,
      "tag": "0001_cooing_overlord",
      "breakpoints": true
    },
    {
      "idx": 2,
      "version": "5",
      "when": 1764042691766,
      "tag": "0002_equal_warbound",
      "breakpoints": true
    },
    {
      "idx": 3,
      "version": "5",
      "when": 1764623935848,
      "tag": "0003_sloppy_microbe",
      "breakpoints": true
    },
    {
      "idx": 4,
      "version": "5",
      "when": 1764638174569,
      "tag": "0004_tearful_killraven",
      "breakpoints": true
    },
    {
      "idx": 5,
      "version": "5",
      "when": 1765151454677,
      "tag": "0005_wealthy_blue_blade",
      "breakpoints": true
    },
    {
      "idx": 6,
      "version": "5",
      "when": 1765158152174,
      "tag": "0006_milky_ego",
      "breakpoints": true
    },
    {
      "idx": 7,
      "version": "5",
      "when": 1765161731844,
      "tag": "0007_petite_thundra",
      "breakpoints": true
    },
    {
      "idx": 8,
      "version": "5",
      "when": 1765162218017,
      "tag": "0008_new_gravity",
      "breakpoints": true
    },
    {
      "idx": 9,
      "version": "5",
      "when": 1765163242650,
      "tag": "0009_wandering_may_parker",
      "breakpoints": true
    },
    {
      "idx": 10,
      "version": "5",
      "when": 1765163380588,
      "tag": "0010_normal_living_mummy",
      "breakpoints": true
    },
    {
      "idx": 11,
      "version": "5",
      "when": 1765163697145,
      "tag": "0011_lethal_susan_delgado",
      "breakpoints": true
    },
    {
      "idx": 12,
      "version": "5",
      "when": 1765166116946,
      "tag": "0012_puzzling_rocket_racer",
      "breakpoints": true
    }
  ]
}